<?xml version="1.0"  encoding="windows-1252"?>
<XMI xmi.version="1.1" xmlns:UML="omg.org/UML1.3" timestamp="2005-08-19 13:15:59">
	<XMI.header>
		<XMI.documentation>
			<XMI.exporter>Enterprise Architect</XMI.exporter>
			<XMI.exporterVersion>2.5</XMI.exporterVersion>
		</XMI.documentation>
	</XMI.header>
	<XMI.content>
		<UML:Model name="EA Model" xmi.id="MX_EAID_E3373F4A_E4C2_451e_AE9D_FA23BB2D38FB">
			<UML:Namespace.ownedElement>
				<UML:Class name="EARootClass" xmi.id="EAID_11111111_5487_4080_A7F4_41526CB0AA00" isRoot="true" isLeaf="false" isAbstract="false"/>
				<UML:Package name="ImageAnalysis" xmi.id="EAPK_E3373F4A_E4C2_451e_AE9D_FA23BB2D38FB" isRoot="false" isLeaf="false" isAbstract="false" visibility="public">
					<UML:ModelElement.stereotype>
						<UML:Stereotype xmi.idref="EAID_C73DA4C3_382B_4956_A21C_88602C4F251D"/>
					</UML:ModelElement.stereotype>
					<UML:ModelElement.taggedValue>
						<UML:TaggedValue tag="documentation" value="Provides functionality for analyzing image formats and return detailed information about them, such as getting the EXIF information from a JPEG and TIFF or animation information from a GIF."/>
						<UML:TaggedValue tag="created" value="2005-08-11 00:00:00"/>
						<UML:TaggedValue tag="modified" value="2005-08-11 00:00:00"/>
						<UML:TaggedValue tag="iscontrolled" value="TRUE"/>
						<UML:TaggedValue tag="xmlpath" value="E:\src\ezcomponents\packages\ImageAnalysis\trunk\design\imageanalysis.xml"/>
						<UML:TaggedValue tag="lastsavedate" value="2005-08-19 13:15:59"/>
						<UML:TaggedValue tag="version" value="1.0"/>
						<UML:TaggedValue tag="isprotected" value="FALSE"/>
						<UML:TaggedValue tag="usedtd" value="FALSE"/>
						<UML:TaggedValue tag="owner" value="Jan Borsodi"/>
						<UML:TaggedValue tag="xmiver" value="Enterprise Architect XMI/UML 1.3"/>
						<UML:TaggedValue tag="logxml" value="FALSE"/>
						<UML:TaggedValue tag="codepath" value="E:\src\ezcomponents\ImageAnalysis"/>
						<UML:TaggedValue tag="packageFlags" value="CRC=0;"/>
						<UML:TaggedValue tag="batchsave" value="0"/>
						<UML:TaggedValue tag="batchload" value="0"/>
						<UML:TaggedValue tag="phase" value="1.0"/>
						<UML:TaggedValue tag="status" value="Proposed"/>
						<UML:TaggedValue tag="author" value="Tobias Schlitt"/>
						<UML:TaggedValue tag="complexity" value="1"/>
						<UML:TaggedValue tag="stereotype" value="ezcomponent"/>
						<UML:TaggedValue tag="ea_stype" value="Public"/>
						<UML:TaggedValue tag="tpos" value="0"/>
					</UML:ModelElement.taggedValue>
					<UML:Namespace.ownedElement>
						<UML:Class name="ezcImageAnalyzer" xmi.id="EAID_E2F60CEA_AAAF_4c70_891A_DFFE84C86811" visibility="public" namespace="EAPK_E3373F4A_E4C2_451e_AE9D_FA23BB2D38FB" isRoot="false" isLeaf="false" isAbstract="false" isActive="false">
							<UML:ModelElement.taggedValue>
								<UML:TaggedValue tag="documentation" value="Class to retreive information about a given image file. This class provides a simple static method to analyse image files in different ways. At least the MIME type of the file is returned. In some cases (by now JPEG, TIFF and GIF) additional information is included. 
&lt;code&gt; $analyzer = ezcImageAnalyzer('/var/cache/images/toby.jpg'); $mime = $analyzer-&gt;getMime(); if ($mime == 'image/tiff' || $mime == 'image/tiff') { $data = $analyzer-&gt;getExtra(); echo 'Photo taken on '.date('Y/m/d, H:i', $data['date']).&quot;.\n&quot;; } else { echo &quot;Unknowen photo format.\n&quot;; }
&lt;/code&gt; 
@package ImageAnalysis
@link http://www.gnu.org/copyleft/lesser.html}"/>
								<UML:TaggedValue tag="isSpecification" value="false"/>
								<UML:TaggedValue tag="ea_stype" value="Class"/>
								<UML:TaggedValue tag="ea_ntype" value="0"/>
								<UML:TaggedValue tag="version" value="//autogen//
@copyright Copyright (C) 2005 eZ syst"/>
								<UML:TaggedValue tag="package" value="EAPK_E3373F4A_E4C2_451e_AE9D_FA23BB2D38FB"/>
								<UML:TaggedValue tag="date_created" value="2005-08-11 08:48:12"/>
								<UML:TaggedValue tag="date_modified" value="2005-08-19 13:15:34"/>
								<UML:TaggedValue tag="genfile" value="E:\src\ezcomponents\packages\ImageAnalysis\trunk\src\image\analyzer.php"/>
								<UML:TaggedValue tag="gentype" value="PHP"/>
								<UML:TaggedValue tag="tagged" value="0"/>
								<UML:TaggedValue tag="package_name" value="ImageAnalysis"/>
								<UML:TaggedValue tag="phase" value="1.0"/>
								<UML:TaggedValue tag="author" value="Jan Borsodi"/>
								<UML:TaggedValue tag="complexity" value="1"/>
								<UML:TaggedValue tag="status" value="Proposed"/>
								<UML:TaggedValue tag="style" value="BackColor=-1;BorderColor=-1;BorderWidth=-1;FontColor=-1;VSwimLanes=0;HSwimLanes=0;BorderStyle=0;"/>
							</UML:ModelElement.taggedValue>
							<UML:Classifier.feature>
								<UML:Operation name="__construct" visibility="public" ownerScope="instance" isQuery="false" concurrency="sequential">
									<UML:ModelElement.taggedValue>
										<UML:TaggedValue tag="documentation" value="Create an image analyzer. Create an ezcImageAnalyzer. Use methods to gather information. 
@param string The file to analyse. "/>
										<UML:TaggedValue tag="type" value="var"/>
										<UML:TaggedValue tag="const" value="false"/>
										<UML:TaggedValue tag="synchronised" value="0"/>
										<UML:TaggedValue tag="concurrency" value="Sequential"/>
										<UML:TaggedValue tag="position" value="0"/>
										<UML:TaggedValue tag="returnarray" value="0"/>
										<UML:TaggedValue tag="pure" value="0"/>
										<UML:TaggedValue tag="ea_guid" value="{0007F774-8293-4759-85C0-24EB705930A0}"/>
									</UML:ModelElement.taggedValue>
									<UML:BehavioralFeature.parameter>
										<UML:Parameter kind="return" visibility="public">
											<UML:Parameter.type>
												<UML:Classifier xmi.idref="eaxmiid0"/>
											</UML:Parameter.type>
											<UML:ModelElement.taggedValue>
												<UML:TaggedValue tag="pos" value="0"/>
												<UML:TaggedValue tag="type" value="var"/>
												<UML:TaggedValue tag="const" value="0"/>
												<UML:TaggedValue tag="ea_guid" value="{RETURNID-8293-4759-85C0-24EB705930A0}"/>
											</UML:ModelElement.taggedValue>
											<UML:Parameter.defaultValue>
												<UML:Expression/>
											</UML:Parameter.defaultValue>
										</UML:Parameter>
										<UML:Parameter name="file" kind="in" visibility="public">
											<UML:Parameter.type>
												<UML:Classifier xmi.idref="eaxmiid0"/>
											</UML:Parameter.type>
											<UML:ModelElement.taggedValue>
												<UML:TaggedValue tag="pos" value="0"/>
												<UML:TaggedValue tag="type" value="var"/>
												<UML:TaggedValue tag="const" value="0"/>
												<UML:TaggedValue tag="ea_guid" value="{47896A28-B3A4-49eb-94E8-89D030175EA9}"/>
											</UML:ModelElement.taggedValue>
											<UML:Parameter.defaultValue>
												<UML:Expression/>
											</UML:Parameter.defaultValue>
										</UML:Parameter>
									</UML:BehavioralFeature.parameter>
								</UML:Operation>
								<UML:Operation name="getData" visibility="public" ownerScope="instance" isQuery="false" concurrency="sequential">
									<UML:ModelElement.taggedValue>
										<UML:TaggedValue tag="documentation" value="Return all collected data from analyzation. 
&lt;code&gt; array( 'mime'  =&gt; '&lt;mimeType&gt;', 'extra' =&gt; array(),      // optional extra information, depends on MIME type if set. 'raw'   =&gt; array(), );
&lt;/code&gt; 
@return array All collected data."/>
										<UML:TaggedValue tag="type" value="var"/>
										<UML:TaggedValue tag="const" value="false"/>
										<UML:TaggedValue tag="synchronised" value="0"/>
										<UML:TaggedValue tag="concurrency" value="Sequential"/>
										<UML:TaggedValue tag="position" value="1"/>
										<UML:TaggedValue tag="returnarray" value="0"/>
										<UML:TaggedValue tag="pure" value="0"/>
										<UML:TaggedValue tag="ea_guid" value="{7A96A448-BA6C-4083-8C98-403A99F15E3A}"/>
									</UML:ModelElement.taggedValue>
									<UML:BehavioralFeature.parameter>
										<UML:Parameter kind="return" visibility="public">
											<UML:Parameter.type>
												<UML:Classifier xmi.idref="eaxmiid0"/>
											</UML:Parameter.type>
											<UML:ModelElement.taggedValue>
												<UML:TaggedValue tag="pos" value="0"/>
												<UML:TaggedValue tag="type" value="var"/>
												<UML:TaggedValue tag="const" value="0"/>
												<UML:TaggedValue tag="ea_guid" value="{RETURNID-BA6C-4083-8C98-403A99F15E3A}"/>
											</UML:ModelElement.taggedValue>
											<UML:Parameter.defaultValue>
												<UML:Expression/>
											</UML:Parameter.defaultValue>
										</UML:Parameter>
									</UML:BehavioralFeature.parameter>
								</UML:Operation>
								<UML:Operation name="getMime" visibility="public" ownerScope="instance" isQuery="false" concurrency="sequential">
									<UML:ModelElement.taggedValue>
										<UML:TaggedValue tag="documentation" value="Return MIME type of the file. Returned MIME type is completly lowercase like &quot;image/jpeg&quot;. 
@return string MIME type."/>
										<UML:TaggedValue tag="type" value="var"/>
										<UML:TaggedValue tag="const" value="false"/>
										<UML:TaggedValue tag="synchronised" value="0"/>
										<UML:TaggedValue tag="concurrency" value="Sequential"/>
										<UML:TaggedValue tag="position" value="2"/>
										<UML:TaggedValue tag="returnarray" value="0"/>
										<UML:TaggedValue tag="pure" value="0"/>
										<UML:TaggedValue tag="ea_guid" value="{1AEE41B8-52D6-4106-A701-F45277C7B167}"/>
									</UML:ModelElement.taggedValue>
									<UML:BehavioralFeature.parameter>
										<UML:Parameter kind="return" visibility="public">
											<UML:Parameter.type>
												<UML:Classifier xmi.idref="eaxmiid0"/>
											</UML:Parameter.type>
											<UML:ModelElement.taggedValue>
												<UML:TaggedValue tag="pos" value="0"/>
												<UML:TaggedValue tag="type" value="var"/>
												<UML:TaggedValue tag="const" value="0"/>
												<UML:TaggedValue tag="ea_guid" value="{RETURNID-52D6-4106-A701-F45277C7B167}"/>
											</UML:ModelElement.taggedValue>
											<UML:Parameter.defaultValue>
												<UML:Expression/>
											</UML:Parameter.defaultValue>
										</UML:Parameter>
									</UML:BehavioralFeature.parameter>
								</UML:Operation>
								<UML:Operation name="getExtra" visibility="public" ownerScope="instance" isQuery="false" concurrency="sequential">
									<UML:ModelElement.taggedValue>
										<UML:TaggedValue tag="documentation" value="Returns extra information on the file. Works only with specific file types and is a cleaned up version of EXIF data (for JPEG/TIFF) or other available analyzeable data.  The data array may contain:
&lt;code&gt; array( 'width'     =&gt; &lt;int&gt;,    // Width in px 'height'    =&gt; &lt;int&gt;,    // Height in px 'size'      =&gt; &lt;int&gt;,    // Filesize in byte 'iscolor'   =&gt; &lt;bool&gt;,   // Color image? 'comment'   =&gt; &lt;string&gt;, // Comment contained in picture 'copyright' =&gt; &lt;string&gt;, // Embeded copyright 'date'      =&gt; &lt;int&gt;,    // Photo taken date (Unix time) ... 'animated'  =&gt; &lt;bool&gt;,   // True for animated GIFs );
&lt;/code&gt; 
@return array"/>
										<UML:TaggedValue tag="type" value="var"/>
										<UML:TaggedValue tag="const" value="false"/>
										<UML:TaggedValue tag="synchronised" value="0"/>
										<UML:TaggedValue tag="concurrency" value="Sequential"/>
										<UML:TaggedValue tag="position" value="3"/>
										<UML:TaggedValue tag="returnarray" value="0"/>
										<UML:TaggedValue tag="pure" value="0"/>
										<UML:TaggedValue tag="ea_guid" value="{F8B7ED10-6CEC-4634-8214-C71AE4224429}"/>
									</UML:ModelElement.taggedValue>
									<UML:BehavioralFeature.parameter>
										<UML:Parameter kind="return" visibility="public">
											<UML:Parameter.type>
												<UML:Classifier xmi.idref="eaxmiid0"/>
											</UML:Parameter.type>
											<UML:ModelElement.taggedValue>
												<UML:TaggedValue tag="pos" value="0"/>
												<UML:TaggedValue tag="type" value="var"/>
												<UML:TaggedValue tag="const" value="0"/>
												<UML:TaggedValue tag="ea_guid" value="{RETURNID-6CEC-4634-8214-C71AE4224429}"/>
											</UML:ModelElement.taggedValue>
											<UML:Parameter.defaultValue>
												<UML:Expression/>
											</UML:Parameter.defaultValue>
										</UML:Parameter>
									</UML:BehavioralFeature.parameter>
								</UML:Operation>
								<UML:Operation name="getRaw" visibility="public" ownerScope="instance" isQuery="false" concurrency="sequential">
									<UML:ModelElement.taggedValue>
										<UML:TaggedValue tag="documentation" value="Returns RAW collected data. Returns an array of the RAW collected data. For JPEG and TIFF this is the EXIF array. For GIF, just an array containing the 'animated' key. 
@link http://php.net/manual/en/function.exif-read-data.php 
@returns array()"/>
										<UML:TaggedValue tag="type" value="var"/>
										<UML:TaggedValue tag="const" value="false"/>
										<UML:TaggedValue tag="synchronised" value="0"/>
										<UML:TaggedValue tag="concurrency" value="Sequential"/>
										<UML:TaggedValue tag="position" value="4"/>
										<UML:TaggedValue tag="returnarray" value="0"/>
										<UML:TaggedValue tag="pure" value="0"/>
										<UML:TaggedValue tag="ea_guid" value="{EB9D5FD9-180B-43ee-AAE0-43BC14B6CCDE}"/>
									</UML:ModelElement.taggedValue>
									<UML:BehavioralFeature.parameter>
										<UML:Parameter kind="return" visibility="public">
											<UML:Parameter.type>
												<UML:Classifier xmi.idref="eaxmiid0"/>
											</UML:Parameter.type>
											<UML:ModelElement.taggedValue>
												<UML:TaggedValue tag="pos" value="0"/>
												<UML:TaggedValue tag="type" value="var"/>
												<UML:TaggedValue tag="const" value="0"/>
												<UML:TaggedValue tag="ea_guid" value="{RETURNID-180B-43ee-AAE0-43BC14B6CCDE}"/>
											</UML:ModelElement.taggedValue>
											<UML:Parameter.defaultValue>
												<UML:Expression/>
											</UML:Parameter.defaultValue>
										</UML:Parameter>
									</UML:BehavioralFeature.parameter>
								</UML:Operation>
								<UML:Operation name="processExif" visibility="private" ownerScope="instance" isQuery="false" concurrency="sequential">
									<UML:ModelElement.taggedValue>
										<UML:TaggedValue tag="documentation" value="Analyses files containing EXIF information. Analyses JPEG and TIFF images. 
@param string The file to process.
@return array(string) Information gathered from EXIF."/>
										<UML:TaggedValue tag="type" value="var"/>
										<UML:TaggedValue tag="const" value="false"/>
										<UML:TaggedValue tag="static" value="1"/>
										<UML:TaggedValue tag="synchronised" value="0"/>
										<UML:TaggedValue tag="concurrency" value="Sequential"/>
										<UML:TaggedValue tag="position" value="5"/>
										<UML:TaggedValue tag="returnarray" value="0"/>
										<UML:TaggedValue tag="pure" value="0"/>
										<UML:TaggedValue tag="ea_guid" value="{641BBA26-251E-4454-B745-22294CCB798A}"/>
									</UML:ModelElement.taggedValue>
									<UML:BehavioralFeature.parameter>
										<UML:Parameter kind="return" visibility="public">
											<UML:Parameter.type>
												<UML:Classifier xmi.idref="eaxmiid0"/>
											</UML:Parameter.type>
											<UML:ModelElement.taggedValue>
												<UML:TaggedValue tag="pos" value="0"/>
												<UML:TaggedValue tag="type" value="var"/>
												<UML:TaggedValue tag="const" value="0"/>
												<UML:TaggedValue tag="ea_guid" value="{RETURNID-251E-4454-B745-22294CCB798A}"/>
											</UML:ModelElement.taggedValue>
											<UML:Parameter.defaultValue>
												<UML:Expression/>
											</UML:Parameter.defaultValue>
										</UML:Parameter>
										<UML:Parameter name="file" kind="in" visibility="public">
											<UML:Parameter.type>
												<UML:Classifier xmi.idref="eaxmiid0"/>
											</UML:Parameter.type>
											<UML:ModelElement.taggedValue>
												<UML:TaggedValue tag="pos" value="0"/>
												<UML:TaggedValue tag="type" value="var"/>
												<UML:TaggedValue tag="const" value="0"/>
												<UML:TaggedValue tag="ea_guid" value="{A755592F-C7EC-42a8-AA8E-01C147B049B7}"/>
											</UML:ModelElement.taggedValue>
											<UML:Parameter.defaultValue>
												<UML:Expression/>
											</UML:Parameter.defaultValue>
										</UML:Parameter>
									</UML:BehavioralFeature.parameter>
								</UML:Operation>
								<UML:Operation name="processGif" visibility="private" ownerScope="instance" isQuery="false" concurrency="sequential">
									<UML:ModelElement.taggedValue>
										<UML:TaggedValue tag="documentation" value="Analyse GIF files. Analyse GIF files and check if they are animated. 
@param string The file to process
@return array(string) Information gathered from the file."/>
										<UML:TaggedValue tag="type" value="var"/>
										<UML:TaggedValue tag="const" value="false"/>
										<UML:TaggedValue tag="static" value="1"/>
										<UML:TaggedValue tag="synchronised" value="0"/>
										<UML:TaggedValue tag="concurrency" value="Sequential"/>
										<UML:TaggedValue tag="position" value="6"/>
										<UML:TaggedValue tag="returnarray" value="0"/>
										<UML:TaggedValue tag="pure" value="0"/>
										<UML:TaggedValue tag="ea_guid" value="{83060E96-2D4F-40a0-8B45-96909334B7D4}"/>
									</UML:ModelElement.taggedValue>
									<UML:BehavioralFeature.parameter>
										<UML:Parameter kind="return" visibility="public">
											<UML:Parameter.type>
												<UML:Classifier xmi.idref="eaxmiid0"/>
											</UML:Parameter.type>
											<UML:ModelElement.taggedValue>
												<UML:TaggedValue tag="pos" value="0"/>
												<UML:TaggedValue tag="type" value="var"/>
												<UML:TaggedValue tag="const" value="0"/>
												<UML:TaggedValue tag="ea_guid" value="{RETURNID-2D4F-40a0-8B45-96909334B7D4}"/>
											</UML:ModelElement.taggedValue>
											<UML:Parameter.defaultValue>
												<UML:Expression/>
											</UML:Parameter.defaultValue>
										</UML:Parameter>
										<UML:Parameter name="file" kind="in" visibility="public">
											<UML:Parameter.type>
												<UML:Classifier xmi.idref="eaxmiid0"/>
											</UML:Parameter.type>
											<UML:ModelElement.taggedValue>
												<UML:TaggedValue tag="pos" value="0"/>
												<UML:TaggedValue tag="type" value="var"/>
												<UML:TaggedValue tag="const" value="0"/>
												<UML:TaggedValue tag="ea_guid" value="{97FCC7FE-06A1-4da2-BE98-777A09BB2644}"/>
											</UML:ModelElement.taggedValue>
											<UML:Parameter.defaultValue>
												<UML:Expression/>
											</UML:Parameter.defaultValue>
										</UML:Parameter>
									</UML:BehavioralFeature.parameter>
								</UML:Operation>
							</UML:Classifier.feature>
						</UML:Class>
						<UML:Comment xmi.id="EAID_E4744CDF_921F_45eb_BF75_0B329C01C49C" visibility="public" namespace="EAPK_E3373F4A_E4C2_451e_AE9D_FA23BB2D38FB">
							<UML:ModelElement.taggedValue>
								<UML:TaggedValue tag="isSpecification" value="false"/>
								<UML:TaggedValue tag="ea_stype" value="Text"/>
								<UML:TaggedValue tag="ea_ntype" value="18"/>
								<UML:TaggedValue tag="version" value="1.0"/>
								<UML:TaggedValue tag="package" value="EAPK_E3373F4A_E4C2_451e_AE9D_FA23BB2D38FB"/>
								<UML:TaggedValue tag="date_created" value="2005-08-11 08:49:04"/>
								<UML:TaggedValue tag="date_modified" value="2005-08-11 08:49:04"/>
								<UML:TaggedValue tag="gentype" value="&lt;none&gt;"/>
								<UML:TaggedValue tag="tagged" value="0"/>
								<UML:TaggedValue tag="package_name" value="ImageAnalysis"/>
								<UML:TaggedValue tag="phase" value="1.0"/>
								<UML:TaggedValue tag="author" value="Jan Borsodi"/>
								<UML:TaggedValue tag="complexity" value="1"/>
								<UML:TaggedValue tag="status" value="Proposed"/>
								<UML:TaggedValue tag="style" value="BackColor=-1;BorderColor=-1;BorderWidth=-1;FontColor=-1;VSwimLanes=0;HSwimLanes=0;BorderStyle=0;"/>
							</UML:ModelElement.taggedValue>
						</UML:Comment>
					</UML:Namespace.ownedElement>
				</UML:Package>
				<UML:Stereotype xmi.id="EAID_C73DA4C3_382B_4956_A21C_88602C4F251D" name="ezcomponent" isRoot="false" isLeaf="false" isAbstract="false">
					<UML:Stereotype.baseClass>Package</UML:Stereotype.baseClass>
				</UML:Stereotype>
				<UML:DataType xmi.id="eaxmiid0" name="var" visibility="private" isRoot="false" isLeaf="false" isAbstract="false"/>
			</UML:Namespace.ownedElement>
		</UML:Model>
		<UML:Diagram name="Image analyzer" xmi.id="EAID_D0B606F1_42CA_4cbd_A0F7_19E8C9FA6B60" diagramType="ClassDiagram" owner="EAPK_E3373F4A_E4C2_451e_AE9D_FA23BB2D38FB" toolName="Enterprise Architect 2.5">
			<UML:ModelElement.taggedValue>
				<UML:TaggedValue tag="version" value="0.1"/>
				<UML:TaggedValue tag="author" value="Tobias Schlitt"/>
				<UML:TaggedValue tag="created_date" value="2005-08-11 08:48:12"/>
				<UML:TaggedValue tag="modified_date" value="2005-08-19 13:15:44"/>
				<UML:TaggedValue tag="package" value="EAPK_E3373F4A_E4C2_451e_AE9D_FA23BB2D38FB"/>
				<UML:TaggedValue tag="type" value="Logical"/>
				<UML:TaggedValue tag="swimlanes" value="locked=false;orientation=0;width=0;inbar=false;names=false;color=0;bold=false;fcol=0;;cls=0;"/>
				<UML:TaggedValue tag="EAStyle" value="ShowPrivate=1;ShowProtected=1;ShowPublic=1;HideRelationships=0;Locked=0;Border=1;HighlightForeign=1;PackageContents=1;SequenceNotes=0;ScalePrintImage=0;PPgs.cx=0;PPgs.cy=0;DocSize.cx=780;DocSize.cy=1118;ShowDetails=0;Orientation=P;Zoom=100;ShowTags=0;OpParams=3;ShowIcons=1;CollabNums=0;HideProps=0;ShowReqs=0;ShowCons=0;PaperSize=9;HideParents=0;UseAlias=0;HideAtts=0;HideOps=0;HideStereo=0;HideElemStereo=0;ShowTests=0;ShowMaint=0;"/>
				<UML:TaggedValue tag="styleex" value="ExcludeRTF=0;DocAll=0;HideQuals=0;AttPkg=1;ShowTests=0;ShowMaint=0;Layout=l=20:c=20:d=0:cr=1:la=2:i=1:it=4:a=0:;SuppressFOC=0;TDurLow=0;TDurHigh=100;TDurUnit=;TDurHide=0;"/>
			</UML:ModelElement.taggedValue>
			<UML:Diagram.element>
				<UML:DiagramElement geometry="Left=20;Top=20;Right=185;Bottom=95;" subject="EAID_E4744CDF_921F_45eb_BF75_0B329C01C49C" seqno="1" style="DUID=9280C022;"/>
				<UML:DiagramElement geometry="Left=215;Top=20;Right=339;Bottom=151;" subject="EAID_E2F60CEA_AAAF_4c70_891A_DFFE84C86811" seqno="2" style="DUID=A8014A4D;LBL=;"/>
			</UML:Diagram.element>
		</UML:Diagram>
	</XMI.content>
	<XMI.difference/>
	<XMI.extensions xmi.extender="Enterprise Architect 2.5"/>
</XMI>
