<?xml version="1.0" encoding="utf-8"?>
<rss version="2.0" xmlns:itunes="http://www.itunes.com/dtds/podcast-1.0.dtd">
  <channel>
    <title>Flight of the RC plane</title>
    <link>http://rcplanes.examples.com/</link>
    <description>A podcast for fans of remote-control planes, with information about planes, competitions, tutorials and tips</description>
    <managingEditor>editor@rcplanes.example.com (Derick)</managingEditor>
    <pubDate>Thu, 24 Apr 2008 08:55:49 +0000</pubDate>
    <generator>eZ Components Feed dev (http://ezcomponents.org/docs/tutorials/Feed)</generator>
    <docs>http://www.rssboard.org/rss-specification</docs>
    <itunes:category text="Technology">
      <itunes:category text="Gadgets"/>
    </itunes:category>
    <itunes:explicit>yes</itunes:explicit>
    <itunes:image href="http://rcplanes.example.com/images/rc_plane_big.jpg"/>
    <itunes:keywords>RC planes,gadgets,flying</itunes:keywords>
    <itunes:subtitle>Competitions, tutorials and tips for remote-control planes</itunes:subtitle>
    <item>
      <title>Flying an RC plane indoors</title>
      <link>http://rcplanes.example.com/articles/fly-an-rc-plane-indoors.html</link>
      <description>In this episode, Derick talks about how to fly an RC plane in a big hall, around people working and throwing stuff at the plane</description>
      <author>derick@rcplanes.example.com (Derick)</author>
      <enclosure url="http://rcplanes.example.com/media/003-flying-indoors.mp3" length="49099054" type="audio/x-mp3"/>
      <pubDate>Fri, 04 Jan 2008 11:18:34 +0100</pubDate>
      <itunes:duration>29:20</itunes:duration>
      <itunes:keywords>RC planes,office,flying,enemies</itunes:keywords>
    </item>
    <item>
      <title>The mutant RC flying insect from Hell</title>
      <link>http://rcplanes.example.com/articles/mutant-rc-flying-insect.html</link>
      <description>Gunny just got back from a 2-months vacation in Tokyo with the ultimate RC toy ever (TM) - a mean and noisy RC flying insect based on top-secret Japanese technology</description>
      <author>gunny@rcplanes.example.com (Gunny)</author>
      <enclosure url="http://rcplanes.example.com/media/004-mutant-rc-flying-insect.mp3" length="74039198" type="audio/x-mp3"/>
      <pubDate>Tue, 22 Jan 2008 16:58:00 +0100</pubDate>
      <itunes:duration>44:37</itunes:duration>
      <itunes:keywords>RC planes,office,flying,insect,Japanese</itunes:keywords>
    </item>
    <item>
      <title>The catcher in the potato field</title>
      <link>http://rcplanes.example.com/articles/potato-field.html</link>
      <description>Five RC planes fight to the death for the total control of the potato field - who will win?</description>
      <author>derick@rcplanes.example.com (Derick)</author>
      <enclosure url="http://rcplanes.example.com/media/005-potato-field.mp3" length="95039198" type="audio/x-mp3"/>
      <pubDate>Tue, 22 Apr 2008 18:30:00 +0100</pubDate>
      <itunes:duration>58:20</itunes:duration>
      <itunes:keywords>RC planes,potato,field,flying,fight</itunes:keywords>
    </item>
  </channel>
</rss>
